,Sum,Average,Min,Max
hours_studied,1265.1,6.3255,1.0,12.0
sleep_hours,1324.3999999999999,6.621999999999999,4.0,9.0
attendance_percent,14966.0,74.83,50.3,100.0
previous_scores,13360.0,66.8,40.0,95.0
exam_score,6791.0,33.955,17.1,51.3
